item,qty,spec,supplier,unit_cost_usd,make_buy,notes
1 Reflector petals,12,"Polished or anodized aluminum reflector sheet 0.5 mm, reflectance 85 % or more, cut to 12 gores for a 1.4 m paraboloid, focal length 500 mm, each with a 12 mm flange folded down along both long edges and two 30 x 12 mm tabs folded down at the rim (about 1.9 m² of sheet with offcuts); 3.2 mm aluminium rivets",Aluminum stockist or solar reflector sheet supplier,6.25,make,Indicative price (about $75 for the set); SK14-style petal layout; flanges and tabs added for fixing (SCL-DDR-003)
2 Dish ribs rim hub and clips,1,"12 steel flat-bar ribs 20 x 3 mm bent on edge to the paraboloid profile in a plywood jig; rim band of 25 x 4 mm flat bar rolled to 1,408 mm outside diameter; hub plate 200 mm x 4 mm; 24 rib clips cut from 20 x 20 x 3 mm angle; M5 bolts",Local steel stockist,36.00,make,Indicative material cost; bending jig needed; ribs at 15 degrees plus 30 degree steps; clips added (SCL-DDR-003)
3 Tilt yoke and locks,1,"Two yoke plates cut from 6 mm steel plate (hub, arm to the rim and a fan with a 150 mm radius lock slot); two rim stand-offs of 50 x 25 x 2.5 mm rectangular steel tube 101 mm long with M8 countersunk screws; two M10 x 80 lock studs with star knobs and washers; dish-axis elevation 15 to 90 degrees",Local steel stockist,30.00,make,"Indicative material cost; replaces the tube arms, collars, lever and quadrant of the concept (SCL-DDR-003)"
4 Timber stand with castors,1,"Treated timber: two cross rails 70 x 35 mm x 1,805 mm laid flat; two side rails 45 x 70 mm x 1,100 mm on edge; two uprights 45 x 70 mm x 892 mm; four braces 45 x 35 mm x 640 mm. Two axle plates 6 x 70 x 270 mm steel; two 20 mm steel axles 85 mm long with four shaft collars; four galvanised 50 x 50 mm angle brackets; four 75 mm locking swivel castors, 102 mm mounting height, with brake pedals",Timber yard and hardware shop,58.00,make,"Timber replaces steel tube (SCL-DDR-001 item 2); all four castors lock (SCL-DDR-002 item 16); about $16 timber, $20 castors, $22 steel and brackets; joints and axles added (SCL-DDR-003)"
5 Level pot holder,1,"Flat ring cut from 4 mm steel plate, 348 mm inside and 408 mm outside diameter, under the cooker handles; two 25 x 25 x 2 mm steel square tube arms 687 mm long resting on the uprights; two 40 x 40 x 4 mm angle brackets; fixed, does not tilt",Local steel stockist,17.00,make,Indicative material cost; ring cut by jigsaw or a local cutting shop (SCL-DDR-003)
6 Pressure cooker,1,"12 L aluminum household pressure cooker, inside about 280 mm diameter x 200 mm deep, 103 kPa (15 psi) weighted regulator, overpressure plug; base and lowest 80 mm of wall painted with high-temperature matte black",Regional household goods market,55.00,buy,Indicative price; brand and maker's rating to be confirmed for the chosen model; no welding or other change to the vessel
7 Lid with weighted regulator,1,Supplied with item 6; carries items 8 to 10,Supplied with item 6,0.00,buy,Cost in item 6; how items 8 to 10 are mounted (drilled lid or factory ports or adapter plate) is open for Amish
8 Pressure gauge,1,"0 to 250 kPa (0 to 36 psi), 100 mm dial, stainless case, bottom 1/4 in NPT with siphon",Instrument or plumbing supplier,15.00,buy,Indicative price; reads without power
9 Independent relief valve,1,"Spring safety valve rated for steam, set 125 kPa gauge or less, brass, 1/4 in NPT, seat bore 4 mm or more",Boiler or steam fittings supplier,20.00,buy,Indicative price; certified set pressure preferred; SCL-CAL-001 section 8
10 Lid gland Pt100 probe and tee,1,"1/8 in NPT compression gland for a 3 mm probe; Pt100 class A, 3 mm x 150 mm, PTFE leads; brass tee and pigtail to the pressure transducer",Instrument supplier,30.00,buy,Indicative price
11 Insulated jacket,1,Mineral wool blanket 25 mm with aluminized glass cloth skin on the upper wall; lowest 80 mm of wall and the base left bare,Insulation supplier,12.00,make,Indicative price
12 Water charge,1,"1.5 L of clean water per cycle, boiled or distilled where available",Site supply,0.00,buy,Consumable; no cost
13 Instrument basket and trivet,1,Stainless wire basket 250 mm diameter x 150 mm deep on a 40 mm trivet that keeps the load above the water,Kitchen or lab supplier,14.00,buy,Indicative price; resized from 270 x 180 mm to fit the 12 L cooker (SCL-CAL-001)
14 Cycle logger,1,"ESP32-class board, MAX31865 Pt100 interface with 0.05 % reference resistor, ADS1115 16-bit ADC, 0 to 300 kPa absolute stainless ratiometric pressure transducer with an overpressure rating of 600 kPa or more, K-type thermocouple on a stainless band clamp at the base edge (boil-dry alarm), RTC, microSD, 1.3 in OLED display, buzzer, IP65 box about 180 x 80 x 65 mm with the power bank inside, sensor cable with plugs at the lid and the box",Electronics distributor,66.00,buy,Indicative price (transducer about $18); OLED replaces e-paper (SCL-DDR-001 item 2); 0 to 300 kPa span (SCL-DDR-002 item 18); larger box and plug-in sensor leads added (SCL-DDR-003); firmware at TRL 3 only as a labeled sketch
15 Logger power bank,1,"10,000 mAh USB power bank with a low-current (always-on) mode, kept in the shaded logger box; recharged from any USB source",Electronics or phone accessory shop,12.00,buy,Replaces the 5 W panel and 18650 cell (SCL-DDR-001 item 2)
16 Sighting gnomon,1,"Pin parallel to the dish axis over a 120 mm aluminum target plate, on a 40 x 40 x 4 mm angle bracket bolted to the outside of the rim band",Local fabricator,4.00,make,Indicative price; bracket added (SCL-DDR-003)
17 Hardware and consumables,1,"Stainless or galvanised bolts, nuts and washers (M10 brace and plate bolts, M8 crossing, castor, bracket and stand-off bolts, M5 clip bolts), about 300 rivets, thread sealant rated for steam, high-temperature paint, cable ties",Local hardware shop,25.00,buy,Indicative price; more bolts for the constructable design (SCL-DDR-003); no exploded-view callout
18 Validation consumables,1,Class 5 chemical integrators (ISO 11140-1) and self-contained Geobacillus stearothermophilus biological indicators for commissioning and weekly checks,Medical supplier,45.00,buy,Not in the parts cost; used only at TRL 4 and later; no exploded-view callout
19 Eye protection,2,Shade 5 welding goggles or glasses for anyone near the focus (R11),Safety equipment or welding supplier,6.00,buy,Indicative price; not modelled
20 Parking cover,1,"Opaque cover with an elastic hem for the 1.4 m dish, fitted whenever the dish is parked (R9, R11)",Tarpaulin or canvas maker,10.00,buy,Indicative price; not modelled
21 Keep-out marking,1,20 m roll of hazard barrier tape and four ground pegs to mark a 2 m keep-out around the dish and vessel (R11),Hardware shop,6.00,buy,Indicative price; not modelled; added for the restated R11 (SCL-DDR-002 item 15)
